claim_id,stage,evidence_class,subject_kind,subject,stratum_kind,stratum,statistic,value,ci_lo,ci_hi,ci_method,p,p_adjusted,correction_family,n,resample_unit,reference_value,reference_kind,floor_units,verdict,rule_text,registered,replicated,mde,spec_robustness,artifact_path
compare.1,compare,descriptive,,,,,,,,,,,,,,,,,,,,False,,,,report/findings.json
compare.2,compare,descriptive,,,,,,,,,,,,,,,,,,,,False,,,,report/findings.json
corpus.1,corpus,descriptive,,,,,,,,,,,,,,,,,,,,False,,,,report/findings.json
corpus.2,corpus,descriptive,,,,,,,,,,,,,,,,,,,,False,,,,report/findings.json
corpus.3,corpus,descriptive,,,,,,,,,,,,,,,,,,,,False,,,,report/findings.json
corpus.4,corpus,descriptive,,,,,,,,,,,,,,,,,,,,False,,,,report/findings.json
corpus.5,corpus,descriptive,,,,,,,,,,,,,,,,,,,,False,,,,report/findings.json
corpus.6,corpus,descriptive,,,,,,,,,,,,,,,,,,,,False,,,,report/findings.json
corpus.7,corpus,descriptive,,,,,,,,,,,,,,,,,,,,False,,,,report/findings.json
l0.1,l0,behavioral,,,,,,,,,,,,,,,,,,,,False,,,,report/findings.json
l0.2,l0,behavioral,,,,,,,,,,,,,,,,,,,,False,,,,report/findings.json
l0.3,l0,behavioral,,,,,,,,,,,,,,,,,,,,False,,,,report/findings.json
l0.4,l0,behavioral,,,,,,,,,,,,,,,,,,,,False,,,,report/findings.json
l0.5,l0,behavioral,,,,,,,,,,,,,,,,,,,,False,,,,report/findings.json
l0.6,l0,behavioral,,,,,,,,,,,,,,,,,,,,False,,,,report/findings.json
l0.7,l0,behavioral,,,,,,,,,,,,,,,,,,,,False,,,,report/findings.json
l0.8,l0,behavioral,,,,,,,,,,,,,,,,,,,,False,,,,report/findings.json
l0.9,l0,behavioral,,,,,,,,,,,,,,,,,,,,False,,,,report/findings.json
l0.10,l0,behavioral,,,,,,,,,,,,,,,,,,,,False,,,,report/findings.json
l0.11,l0,behavioral,,,,,,,,,,,,,,,,,,,,False,,,,report/findings.json
l0.12,l0,behavioral,,,,,,,,,,,,,,,,,,,,False,,,,report/findings.json
l0.13,l0,behavioral,,,,,,,,,,,,,,,,,,,,False,,,,report/findings.json
l0.14,l0,behavioral,,,,,,,,,,,,,,,,,,,,False,,,,report/findings.json
l0.15,l0,behavioral,,,,,,,,,,,,,,,,,,,,False,,,,report/findings.json
l0.16,l0,behavioral,,,,,,,,,,,,,,,,,,,,False,,,,report/findings.json
l0.17,l0,behavioral,,,,,,,,,,,,,,,,,,,,False,,,,report/findings.json
l0.18,l0,behavioral,,,,,,,,,,,,,,,,,,,,False,,,,report/findings.json
l0.19,l0,behavioral,,,,,,,,,,,,,,,,,,,,False,,,,report/findings.json
l0.20,l0,behavioral,,,,,,,,,,,,,,,,,,,,False,,,,report/findings.json
l0.21,l0,behavioral,,,,,,,,,,,,,,,,,,,,False,,,,report/findings.json
l0.22,l0,behavioral,,,,,,,,,,,,,,,,,,,,False,,,,report/findings.json
l0.23,l0,behavioral,,,,,,,,,,,,,,,,,,,,False,,,,report/findings.json
l0.24,l0,behavioral,,,,,,,,,,,,,,,,,,,,False,,,,report/findings.json
l0.25,l0,behavioral,,,,,,,,,,,,,,,,,,,,False,,,,report/findings.json
l0.26,l0,behavioral,,,,,,,,,,,,,,,,,,,,False,,,,report/findings.json
l0.27,l0,behavioral,,,,,,,,,,,,,,,,,,,,False,,,,report/findings.json
l0.28,l0,behavioral,,,,,,,,,,,,,,,,,,,,False,,,,report/findings.json
budget.1,budget,descriptive,,,,,,,,,,,,,,,,,,,,False,,,,report/findings.json
budget.2,budget,descriptive,,,,,,,,,,,,,,,,,,,,False,,,,report/findings.json
budget.3,budget,descriptive,,,,,,,,,,,,,,,,,,,,False,,,,report/findings.json
budget.4,budget,descriptive,,,,,,,,,,,,,,,,,,,,False,,,,report/findings.json
budget.5,budget,descriptive,,,,,,,,,,,,,,,,,,,,False,,,,report/findings.json
frontend.1,frontend,descriptive,,,,,,,,,,,,,,,,,,,,False,,,,report/findings.json
frontend.2,frontend,descriptive,,,,,,,,,,,,,,,,,,,,False,,,,report/findings.json
frontend.3,frontend,descriptive,,,,,,,,,,,,,,,,,,,,False,,,,report/findings.json
frontend.4,frontend,descriptive,,,,,,,,,,,,,,,,,,,,False,,,,report/findings.json
frontend.5,frontend,descriptive,,,,,,,,,,,,,,,,,,,,False,,,,report/findings.json
frontend.6,frontend,descriptive,,,,,,,,,,,,,,,,,,,,False,,,,report/findings.json
frontend.7,frontend,descriptive,,,,,,,,,,,,,,,,,,,,False,,,,report/findings.json
frontend.8,frontend,descriptive,,,,,,,,,,,,,,,,,,,,False,,,,report/findings.json
frontend.9,frontend,descriptive,,,,,,,,,,,,,,,,,,,,False,,,,report/findings.json
frontend.10,frontend,descriptive,,,,,,,,,,,,,,,,,,,,False,,,,report/findings.json
frontend.11,frontend,descriptive,,,,,,,,,,,,,,,,,,,,False,,,,report/findings.json
frontend.12,frontend,descriptive,,,,,,,,,,,,,,,,,,,,False,,,,report/findings.json
layer_screen.1,layer_screen,descriptive,,,,,,,,,,,,,,,,,,,,False,,,,report/findings.json
layer_screen.2,layer_screen,descriptive,,,,,,,,,,,,,,,,,,,,False,,,,report/findings.json
layer_screen.3,layer_screen,descriptive,,,,,,,,,,,,,,,,,,,,False,,,,report/findings.json
layer_screen.4,layer_screen,descriptive,,,,,,,,,,,,,,,,,,,,False,,,,report/findings.json
internals.1,internals,descriptive,,,,,,,,,,,,,,,,,,,,False,,,,report/findings.json
internals.2,internals,descriptive,,,,,,,,,,,,,,,,,,,,False,,,,report/findings.json
internals.3,internals,descriptive,,,,,,,,,,,,,,,,,,,,False,,,,report/findings.json
internals.4,internals,descriptive,,,,,,,,,,,,,,,,,,,,False,,,,report/findings.json
lens.1,lens,descriptive,,,,,,,,,,,,,,,,,,,,False,,,,report/findings.json
lens.2,lens,descriptive,,,,,,,,,,,,,,,,,,,,False,,,,report/findings.json
lens.3,lens,descriptive,,,,,,,,,,,,,,,,,,,,False,,,,report/findings.json
lens.4,lens,descriptive,,,,,,,,,,,,,,,,,,,,False,,,,report/findings.json
lens.5,lens,descriptive,,,,,,,,,,,,,,,,,,,,False,,,,report/findings.json
l1.1,l1,geometric,,,,,,,,,,,,,,,,,,,,False,,,,report/findings.json
l1.2,l1,geometric,,,,,,,,,,,,,,,,,,,,False,,,,report/findings.json
l1.3,l1,geometric,,,,,,,,,,,,,,,,,,,,False,,,,report/findings.json
l2.1,l2,translatable,,,,,,,,,,,,,,,,,,,,False,,,,report/findings.json
l2.2,l2,translatable,,,,,,,,,,,,,,,,,,,,False,,,,report/findings.json
l2.3,l2,translatable,,,,,,,,,,,,,,,,,,,,False,,,,report/findings.json
l2.4,l2,translatable,,,,,,,,,,,,,,,,,,,,False,,,,report/findings.json
l2.5,l2,translatable,,,,,,,,,,,,,,,,,,,,False,,,,report/findings.json
l2.6,l2,translatable,,,,,,,,,,,,,,,,,,,,False,,,,report/findings.json
l2.7,l2,translatable,,,,,,,,,,,,,,,,,,,,False,,,,report/findings.json
l2.8,l2,translatable,,,,,,,,,,,,,,,,,,,,False,,,,report/findings.json
l2.9,l2,translatable,,,,,,,,,,,,,,,,,,,,False,,,,report/findings.json
l2.10,l2,translatable,,,,,,,,,,,,,,,,,,,,False,,,,report/findings.json
l2.11,l2,translatable,,,,,,,,,,,,,,,,,,,,False,,,,report/findings.json
l2.12,l2,translatable,,,,,,,,,,,,,,,,,,,,False,,,,report/findings.json
clustering.1,clustering,descriptive,,,,,,,,,,,,,,,,,,,,False,,,,report/findings.json
l3.1,l3,causal_within_model,,,,,,,,,,,,,,,,,,,,False,,,,report/findings.json
l3.2,l3,causal_within_model,,,,,,,,,,,,,,,,,,,,False,,,,report/findings.json
l3.3,l3,causal_within_model,,,,,,,,,,,,,,,,,,,,False,,,,report/findings.json
l3.4,l3,causal_within_model,,,,,,,,,,,,,,,,,,,,False,,,,report/findings.json
l3.5,l3,causal_within_model,,,,,,,,,,,,,,,,,,,,False,,,,report/findings.json
l3.6,l3,causal_within_model,,,,,,,,,,,,,,,,,,,,False,,,,report/findings.json
l3.7,l3,causal_within_model,,,,,,,,,,,,,,,,,,,,False,,,,report/findings.json
l3.8,l3,causal_within_model,,,,,,,,,,,,,,,,,,,,False,,,,report/findings.json
l3.9,l3,causal_within_model,,,,,,,,,,,,,,,,,,,,False,,,,report/findings.json
l3.10,l3,causal_within_model,,,,,,,,,,,,,,,,,,,,False,,,,report/findings.json
l3.11,l3,causal_within_model,,,,,,,,,,,,,,,,,,,,False,,,,report/findings.json
l3.12,l3,causal_within_model,,,,,,,,,,,,,,,,,,,,False,,,,report/findings.json
l3.13,l3,causal_within_model,,,,,,,,,,,,,,,,,,,,False,,,,report/findings.json
l3.14,l3,causal_within_model,,,,,,,,,,,,,,,,,,,,False,,,,report/findings.json
l3.15,l3,causal_within_model,,,,,,,,,,,,,,,,,,,,False,,,,report/findings.json
attention.1,attention,descriptive,,,,,,,,,,,,,,,,,,,,False,,,,report/findings.json
attention.2,attention,descriptive,,,,,,,,,,,,,,,,,,,,False,,,,report/findings.json
attention.3,attention,descriptive,,,,,,,,,,,,,,,,,,,,False,,,,report/findings.json
attention.4,attention,descriptive,,,,,,,,,,,,,,,,,,,,False,,,,report/findings.json
attention.5,attention,descriptive,,,,,,,,,,,,,,,,,,,,False,,,,report/findings.json
attention.6,attention,descriptive,,,,,,,,,,,,,,,,,,,,False,,,,report/findings.json
sae.1,sae,descriptive,,,,,,,,,,,,,,,,,,,,False,,,,report/findings.json
sae.2,sae,descriptive,,,,,,,,,,,,,,,,,,,,False,,,,report/findings.json
sae.3,sae,descriptive,,,,,,,,,,,,,,,,,,,,False,,,,report/findings.json
sae.4,sae,descriptive,,,,,,,,,,,,,,,,,,,,False,,,,report/findings.json
sae.5,sae,descriptive,,,,,,,,,,,,,,,,,,,,False,,,,report/findings.json
sae.6,sae,descriptive,,,,,,,,,,,,,,,,,,,,False,,,,report/findings.json
sae.7,sae,descriptive,,,,,,,,,,,,,,,,,,,,False,,,,report/findings.json
sae.8,sae,descriptive,,,,,,,,,,,,,,,,,,,,False,,,,report/findings.json
sae.9,sae,causal_within_model,,,,,,,,,,,,,,,,,,,,False,,,,report/findings.json
sae.10,sae,causal_within_model,,,,,,,,,,,,,,,,,,,,False,,,,report/findings.json
sae.11,sae,causal_within_model,,,,,,,,,,,,,,,,,,,,False,,,,report/findings.json
sae.12,sae,causal_within_model,,,,,,,,,,,,,,,,,,,,False,,,,report/findings.json
sae.13,sae,causal_within_model,,,,,,,,,,,,,,,,,,,,False,,,,report/findings.json
compare.3,compare,descriptive,,,,,,,,,,,,,,,,,,,,False,,,,report/findings.json
compare.4,compare,descriptive,,,,,,,,,,,,,,,,,,,,False,,,,report/findings.json
exemplars.1,exemplars,illustrative,,,,,,,,,,,,,,,,,,,,False,,,,report/findings.json
exemplars.2,exemplars,illustrative,,,,,,,,,,,,,,,,,,,,False,,,,report/findings.json
confirm.1,confirm,behavioral,pair,Chronos-2,family,mixture,mase_diff,0.30730074615372965,0.20853403719064473,0.412600233106253,paired_bootstrap,0.0005,0.0005,confirm_family_hypotheses,240.0,series,0.0,null,,confirmed,"Holm-corrected paired bootstrap on the private split, alpha=0.05",True,True,0.1553914386634528,,confirm/confirmation.json
confirm.2,confirm,causal_within_model,pair,TimesFM__Chronos-2,corruption,noise,l3_fingerprint_agreement_rho,-0.7423128342245989,-0.7600350935828878,-0.7292697192513369,paired_cluster_bootstrap,,,,,,-0.7379679144385027,baseline,,replicates,,True,True,,,confirm/confirmation.json
confirm.2,confirm,causal_within_model,pair,TimesFM__Chronos-2,corruption,detrend,l3_fingerprint_agreement_rho,0.3292112299465241,0.2810327540106952,0.4927389705882354,paired_cluster_bootstrap,,,,,,0.32987967914438504,baseline,,replicates,,True,True,,,confirm/confirmation.json
confirm.2,confirm,causal_within_model,pair,TimesFM__Chronos-2,corruption,deseasonalize,l3_fingerprint_agreement_rho,0.26270053475935834,0.2339488636363637,0.30782085561497324,paired_cluster_bootstrap,,,,,,0.25868983957219255,baseline,,replicates,,True,True,,,confirm/confirmation.json
confirm.2,confirm,causal_within_model,pair,TimesFM__Chronos-2,corruption,frequency_shift,l3_fingerprint_agreement_rho,0.25300802139037437,0.10202205882352947,0.38302974598930484,paired_cluster_bootstrap,,,,,,0.22225935828877005,baseline,,replicates,,True,True,,,confirm/confirmation.json
confirm.2,confirm,causal_within_model,pair,TimesFM__Chronos-2,corruption,level_shift,l3_fingerprint_agreement_rho,0.04879679144385027,-0.05289104278074865,0.09196189839572194,paired_cluster_bootstrap,,,,,,0.04010695187165776,baseline,,replicates,,True,True,,,confirm/confirmation.json
confirm.2,confirm,causal_within_model,pair,TimesFM__Chronos-2,corruption,spike,l3_fingerprint_agreement_rho,-0.7804144385026739,-0.7927807486631017,-0.7733790106951872,paired_cluster_bootstrap,,,,,,-0.7874331550802139,baseline,,replicates,,True,True,,,confirm/confirmation.json
confirm.2,confirm,causal_within_model,pair,TimesFM__Chronos-2,corruption,smooth,l3_fingerprint_agreement_rho,-0.4662433155080214,-0.5588485962566845,-0.38444184491978606,paired_cluster_bootstrap,,,,,,-0.4184491978609626,baseline,,replicates,,True,True,,,confirm/confirmation.json
confirm.2,confirm,causal_within_model,pair,TimesFM__Chronos-2,corruption,warp,l3_fingerprint_agreement_rho,-0.6580882352941176,-0.6928643048128342,-0.6179562165775402,paired_cluster_bootstrap,,,,,,-0.6397058823529412,baseline,,replicates,,True,True,,,confirm/confirmation.json
confirm.2,confirm,causal_within_model,pair,TimesFM__Chronos-2,corruption,dropout,l3_fingerprint_agreement_rho,0.4923128342245989,0.4588820187165776,0.5167112299465241,paired_cluster_bootstrap,,,,,,0.49799465240641716,baseline,,replicates,,True,True,,,confirm/confirmation.json
confirm.3,confirm,geometric,pair,,layer,stacked_xf.4__encoder.block.7,peak_cka,0.4253106415271759,0.4162497498095036,0.44234531074762345,cluster_bootstrap,,,,,series,0.42622295022010803,baseline,,replicates,,True,True,,,confirm/confirmation.json
confirm.4,confirm,descriptive,,,,,,,,,,,,,,,,,,,,True,,,,report/findings.json
report.1,report,descriptive,,,,,,,,,,,,,,,,,,,,False,,,,report/findings.json
